[
  {
    "fields": {
      "id": {
        "type": "input",
        "label": "ID / Name",
        "value": "textinput"
      },
      "inputsize": {
        "type": "select",
        "label": "Input Size",
        "value": [
          {
            "label": "Mini",
            "value": "input-mini",
            "selected": false
          },
          {
            "label": "Small",
            "value": "input-small",
            "selected": false
          },
          {
            "label": "Medium",
            "value": "input-medium",
            "selected": false
          },
          {
            "label": "Large",
            "value": "input-large",
            "selected": false
          },
          {
            "label": "Xlarge",
            "value": "input-xlarge",
            "selected": true
          },
          {
            "label": "Xxlarge",
            "value": "input-xxlarge",
            "selected": false
          }
        ]
      },
      "label": {
        "type": "input",
        "label": "Label Text",
        "value": "Text Input"
      },
      "helptext": {
        "type": "input",
        "label": "Help Text",
        "value": "help"
      },
      "placeholder": {
        "type": "input",
        "label": "Placeholder",
        "value": "placeholder"
      },
      "required": {
        "type": "checkbox",
        "label": "Required",
        "value": false
      }
    },
    "title": "Text Input"
  },
  {
    "fields": {
      "id": {
        "type": "input",
        "label": "ID / Name",
        "value": "buttondropdown"
      },
      "buttonoptions": {
        "type": "textarea-split",
        "label": "Options",
        "value": [
          "Option one",
          "Option two",
          "Option three"
        ]
      },
      "buttontext": {
        "type": "input",
        "label": "Button Text",
        "value": "Action"
      },
      "inputsize": {
        "type": "select",
        "label": "Input Size",
        "value": [
          {
            "label": "Mini",
            "value": "input-mini",
            "selected": false
          },
          {
            "label": "Small",
            "value": "input-small",
            "selected": false
          },
          {
            "label": "Medium",
            "value": "input-medium",
            "selected": false
          },
          {
            "label": "Large",
            "value": "input-large",
            "selected": false
          },
          {
            "label": "Xlarge",
            "value": "input-xlarge",
            "selected": true
          },
          {
            "label": "Xxlarge",
            "value": "input-xxlarge",
            "selected": false
          }
        ]
      },
      "label": {
        "type": "input",
        "label": "Label Text",
        "value": "Button Drop Down"
      },
      "placeholder": {
        "type": "input",
        "label": "Placeholder",
        "value": "placeholder"
      },
      "required": {
        "type": "checkbox",
        "label": "Required",
        "value": false
      }
    },
    "title": "Button Drop Down"
  },
  {
    "fields": {
      "id": {
        "type": "input",
        "label": "ID / Name",
        "value": "textarea"
      },
      "label": {
        "type": "input",
        "label": "Label Text",
        "value": "Text Area"
      },
      "textarea": {
        "type": "textarea",
        "label": "Starting Text",
        "value": "default text"
      }
    },
    "title": "Text Area"
  }
]
