<assembly
	xmlns="http://maven.apache.org/plugins/maven-assembly-plugin/assembly/1.1.0"
	xmlns:xsi="http://www.w3.org/2001/XMLSchema-instance"
	xsi:schemaLocation="http://maven.apache.org/plugins/maven-assembly-plugin/assembly/1.1.0 http://maven.apache.org/xsd/assembly-1.1.0.xsd">
	<formats>
		<format>zip</format>
	</formats>
	<includeBaseDirectory>false</includeBaseDirectory>
	<dependencySets>
		<dependencySet>
			<unpack>false</unpack>
			<scope>runtime</scope>
		</dependencySet>
	</dependencySets>
	<fileSets>
		<fileSet>
			<directory>${project.basedir}</directory>
			<includes>
				<include>**/*</include>
			</includes>
			
			<excludes>
				<exclude>target/</exclude>
				<exclude>.project</exclude>
				<exclude>.buildpath</exclude>
				<exclude>.settings/</exclude>
				<exclude>zip-descriptor.xml</exclude>
			</excludes>
		</fileSet>
	</fileSets>
</assembly>